--
-- PostgreSQL database dump
--

-- Dumped from database version 15.3 (Ubuntu 15.3-1.pgdg20.04+1)
-- Dumped by pg_dump version 15.3 (Ubuntu 15.3-1.pgdg20.04+1)

SET statement_timeout = 0;
SET lock_timeout = 0;
SET idle_in_transaction_session_timeout = 0;
SET client_encoding = 'UTF8';
SET standard_conforming_strings = on;
SELECT pg_catalog.set_config('search_path', '', false);
SET check_function_bodies = false;
SET xmloption = content;
SET client_min_messages = warning;
SET row_security = off;

SET default_tablespace = '';

SET default_table_access_method = heap;

--
-- Name: char_has_stat; Type: TABLE; Schema: public; Owner: rppaper
--

CREATE TABLE public.char_has_stat (
    id integer NOT NULL,
    char_id integer NOT NULL,
    stat_id integer NOT NULL,
    value integer,
    created_at timestamp with time zone DEFAULT CURRENT_TIMESTAMP NOT NULL,
    updated_at timestamp with time zone
);


ALTER TABLE public.char_has_stat OWNER TO rppaper;

--
-- Name: char_has_stat_id_seq; Type: SEQUENCE; Schema: public; Owner: rppaper
--

ALTER TABLE public.char_has_stat ALTER COLUMN id ADD GENERATED BY DEFAULT AS IDENTITY (
    SEQUENCE NAME public.char_has_stat_id_seq
    START WITH 1
    INCREMENT BY 1
    NO MINVALUE
    NO MAXVALUE
    CACHE 1
);


--
-- Name: char_is_class; Type: TABLE; Schema: public; Owner: rppaper
--

CREATE TABLE public.char_is_class (
    id integer NOT NULL,
    char_id integer NOT NULL,
    class_id integer NOT NULL,
    created_at timestamp with time zone DEFAULT CURRENT_TIMESTAMP NOT NULL,
    updated_at timestamp with time zone
);


ALTER TABLE public.char_is_class OWNER TO rppaper;

--
-- Name: char_is_class_id_seq; Type: SEQUENCE; Schema: public; Owner: rppaper
--

ALTER TABLE public.char_is_class ALTER COLUMN id ADD GENERATED BY DEFAULT AS IDENTITY (
    SEQUENCE NAME public.char_is_class_id_seq
    START WITH 1
    INCREMENT BY 1
    NO MINVALUE
    NO MAXVALUE
    CACHE 1
);


--
-- Name: char_knows_skill; Type: TABLE; Schema: public; Owner: rppaper
--

CREATE TABLE public.char_knows_skill (
    id integer NOT NULL,
    char_id integer NOT NULL,
    skill_id integer NOT NULL,
    created_at timestamp with time zone DEFAULT CURRENT_TIMESTAMP NOT NULL,
    updated_at timestamp with time zone
);


ALTER TABLE public.char_knows_skill OWNER TO rppaper;

--
-- Name: char_knows_skill_id_seq; Type: SEQUENCE; Schema: public; Owner: rppaper
--

ALTER TABLE public.char_knows_skill ALTER COLUMN id ADD GENERATED BY DEFAULT AS IDENTITY (
    SEQUENCE NAME public.char_knows_skill_id_seq
    START WITH 1
    INCREMENT BY 1
    NO MINVALUE
    NO MAXVALUE
    CACHE 1
);


--
-- Name: char_masters_spell; Type: TABLE; Schema: public; Owner: rppaper
--

CREATE TABLE public.char_masters_spell (
    id integer NOT NULL,
    char_id integer NOT NULL,
    spell_id integer NOT NULL,
    created_at timestamp with time zone DEFAULT CURRENT_TIMESTAMP NOT NULL,
    updated_at timestamp with time zone
);


ALTER TABLE public.char_masters_spell OWNER TO rppaper;

--
-- Name: char_masters_spell_id_seq; Type: SEQUENCE; Schema: public; Owner: rppaper
--

ALTER TABLE public.char_masters_spell ALTER COLUMN id ADD GENERATED BY DEFAULT AS IDENTITY (
    SEQUENCE NAME public.char_masters_spell_id_seq
    START WITH 1
    INCREMENT BY 1
    NO MINVALUE
    NO MAXVALUE
    CACHE 1
);


--
-- Name: char_possesses_inventory; Type: TABLE; Schema: public; Owner: rppaper
--

CREATE TABLE public.char_possesses_inventory (
    id integer NOT NULL,
    char_id integer NOT NULL,
    inventory_id integer NOT NULL,
    is_equipped boolean,
    created_at timestamp with time zone DEFAULT CURRENT_TIMESTAMP NOT NULL,
    updated_at timestamp with time zone
);


ALTER TABLE public.char_possesses_inventory OWNER TO rppaper;

--
-- Name: char_possesses_inventory_id_seq; Type: SEQUENCE; Schema: public; Owner: rppaper
--

ALTER TABLE public.char_possesses_inventory ALTER COLUMN id ADD GENERATED BY DEFAULT AS IDENTITY (
    SEQUENCE NAME public.char_possesses_inventory_id_seq
    START WITH 1
    INCREMENT BY 1
    NO MINVALUE
    NO MAXVALUE
    CACHE 1
);


--
-- Name: character; Type: TABLE; Schema: public; Owner: rppaper
--

CREATE TABLE public."character" (
    id integer NOT NULL,
    name text,
    experience integer,
    level integer,
    health integer,
    user_id integer NOT NULL,
    created_at timestamp with time zone DEFAULT CURRENT_TIMESTAMP NOT NULL,
    updated_at timestamp with time zone,
    game_id integer NOT NULL
);


ALTER TABLE public."character" OWNER TO rppaper;

--
-- Name: character_id_seq; Type: SEQUENCE; Schema: public; Owner: rppaper
--

ALTER TABLE public."character" ALTER COLUMN id ADD GENERATED BY DEFAULT AS IDENTITY (
    SEQUENCE NAME public.character_id_seq
    START WITH 1
    INCREMENT BY 1
    NO MINVALUE
    NO MAXVALUE
    CACHE 1
);


--
-- Name: class; Type: TABLE; Schema: public; Owner: rppaper
--

CREATE TABLE public.class (
    id integer NOT NULL,
    name text,
    note text,
    created_at timestamp with time zone DEFAULT CURRENT_TIMESTAMP NOT NULL,
    updated_at timestamp with time zone
);


ALTER TABLE public.class OWNER TO rppaper;

--
-- Name: class_id_seq; Type: SEQUENCE; Schema: public; Owner: rppaper
--

ALTER TABLE public.class ALTER COLUMN id ADD GENERATED BY DEFAULT AS IDENTITY (
    SEQUENCE NAME public.class_id_seq
    START WITH 1
    INCREMENT BY 1
    NO MINVALUE
    NO MAXVALUE
    CACHE 1
);


--
-- Name: game; Type: TABLE; Schema: public; Owner: rppaper
--

CREATE TABLE public.game (
    id integer NOT NULL,
    name text,
    campaign text,
    status_id integer NOT NULL,
    note_id integer,
    user_id integer NOT NULL,
    created_at timestamp with time zone DEFAULT CURRENT_TIMESTAMP NOT NULL,
    updated_at timestamp with time zone
);


ALTER TABLE public.game OWNER TO rppaper;

--
-- Name: game_id_seq; Type: SEQUENCE; Schema: public; Owner: rppaper
--

ALTER TABLE public.game ALTER COLUMN id ADD GENERATED BY DEFAULT AS IDENTITY (
    SEQUENCE NAME public.game_id_seq
    START WITH 1
    INCREMENT BY 1
    NO MINVALUE
    NO MAXVALUE
    CACHE 1
);


--
-- Name: inventory; Type: TABLE; Schema: public; Owner: rppaper
--

CREATE TABLE public.inventory (
    id integer NOT NULL,
    name text,
    note text,
    created_at timestamp with time zone DEFAULT CURRENT_TIMESTAMP NOT NULL,
    updated_at timestamp with time zone
);


ALTER TABLE public.inventory OWNER TO rppaper;

--
-- Name: inventory_id_seq; Type: SEQUENCE; Schema: public; Owner: rppaper
--

ALTER TABLE public.inventory ALTER COLUMN id ADD GENERATED BY DEFAULT AS IDENTITY (
    SEQUENCE NAME public.inventory_id_seq
    START WITH 1
    INCREMENT BY 1
    NO MINVALUE
    NO MAXVALUE
    CACHE 1
);


--
-- Name: note; Type: TABLE; Schema: public; Owner: rppaper
--

CREATE TABLE public.note (
    id integer NOT NULL,
    value text,
    created_at timestamp with time zone DEFAULT CURRENT_TIMESTAMP NOT NULL,
    updated_at timestamp with time zone
);


ALTER TABLE public.note OWNER TO rppaper;

--
-- Name: note_id_seq; Type: SEQUENCE; Schema: public; Owner: rppaper
--

ALTER TABLE public.note ALTER COLUMN id ADD GENERATED BY DEFAULT AS IDENTITY (
    SEQUENCE NAME public.note_id_seq
    START WITH 1
    INCREMENT BY 1
    NO MINVALUE
    NO MAXVALUE
    CACHE 1
);


--
-- Name: skill; Type: TABLE; Schema: public; Owner: rppaper
--

CREATE TABLE public.skill (
    id integer NOT NULL,
    name text,
    note text,
    is_active boolean,
    created_at timestamp with time zone DEFAULT CURRENT_TIMESTAMP NOT NULL,
    updated_at timestamp with time zone
);


ALTER TABLE public.skill OWNER TO rppaper;

--
-- Name: skill_id_seq; Type: SEQUENCE; Schema: public; Owner: rppaper
--

ALTER TABLE public.skill ALTER COLUMN id ADD GENERATED BY DEFAULT AS IDENTITY (
    SEQUENCE NAME public.skill_id_seq
    START WITH 1
    INCREMENT BY 1
    NO MINVALUE
    NO MAXVALUE
    CACHE 1
);


--
-- Name: spell; Type: TABLE; Schema: public; Owner: rppaper
--

CREATE TABLE public.spell (
    id integer NOT NULL,
    name text,
    note text,
    created_at timestamp with time zone DEFAULT CURRENT_TIMESTAMP NOT NULL,
    updated_at timestamp with time zone
);


ALTER TABLE public.spell OWNER TO rppaper;

--
-- Name: spell_id_seq; Type: SEQUENCE; Schema: public; Owner: rppaper
--

ALTER TABLE public.spell ALTER COLUMN id ADD GENERATED BY DEFAULT AS IDENTITY (
    SEQUENCE NAME public.spell_id_seq
    START WITH 1
    INCREMENT BY 1
    NO MINVALUE
    NO MAXVALUE
    CACHE 1
);


--
-- Name: stat; Type: TABLE; Schema: public; Owner: rppaper
--

CREATE TABLE public.stat (
    id integer NOT NULL,
    name text,
    created_at timestamp with time zone DEFAULT CURRENT_TIMESTAMP NOT NULL,
    updated_at timestamp with time zone
);


ALTER TABLE public.stat OWNER TO rppaper;

--
-- Name: stat_id_seq; Type: SEQUENCE; Schema: public; Owner: rppaper
--

ALTER TABLE public.stat ALTER COLUMN id ADD GENERATED BY DEFAULT AS IDENTITY (
    SEQUENCE NAME public.stat_id_seq
    START WITH 1
    INCREMENT BY 1
    NO MINVALUE
    NO MAXVALUE
    CACHE 1
);


--
-- Name: status; Type: TABLE; Schema: public; Owner: rppaper
--

CREATE TABLE public.status (
    id integer NOT NULL,
    name text,
    created_at timestamp with time zone DEFAULT CURRENT_TIMESTAMP NOT NULL,
    updated_at timestamp with time zone
);


ALTER TABLE public.status OWNER TO rppaper;

--
-- Name: status_id_seq; Type: SEQUENCE; Schema: public; Owner: rppaper
--

ALTER TABLE public.status ALTER COLUMN id ADD GENERATED BY DEFAULT AS IDENTITY (
    SEQUENCE NAME public.status_id_seq
    START WITH 1
    INCREMENT BY 1
    NO MINVALUE
    NO MAXVALUE
    CACHE 1
);


--
-- Name: user; Type: TABLE; Schema: public; Owner: rppaper
--

CREATE TABLE public."user" (
    id integer NOT NULL,
    pseudo text,
    password text,
    refresh_token text,
    created_at timestamp with time zone DEFAULT CURRENT_TIMESTAMP NOT NULL,
    updated_at timestamp with time zone
);


ALTER TABLE public."user" OWNER TO rppaper;

--
-- Name: user_id_seq; Type: SEQUENCE; Schema: public; Owner: rppaper
--

ALTER TABLE public."user" ALTER COLUMN id ADD GENERATED BY DEFAULT AS IDENTITY (
    SEQUENCE NAME public.user_id_seq
    START WITH 1
    INCREMENT BY 1
    NO MINVALUE
    NO MAXVALUE
    CACHE 1
);


--
-- Data for Name: char_has_stat; Type: TABLE DATA; Schema: public; Owner: rppaper
--

COPY public.char_has_stat (id, char_id, stat_id, value, created_at, updated_at) FROM stdin;
1	1	1	20	2024-04-04 17:07:24.750623+02	\N
2	1	2	15	2024-04-04 17:07:24.750623+02	\N
3	1	3	10	2024-04-04 17:07:24.750623+02	\N
4	2	1	25	2024-04-04 17:07:24.750623+02	\N
5	2	2	20	2024-04-04 17:07:24.750623+02	\N
6	2	3	12	2024-04-04 17:07:24.750623+02	\N
7	3	1	18	2024-04-04 17:07:24.750623+02	\N
8	3	2	12	2024-04-04 17:07:24.750623+02	\N
9	3	3	8	2024-04-04 17:07:24.750623+02	\N
\.


--
-- Data for Name: char_is_class; Type: TABLE DATA; Schema: public; Owner: rppaper
--

COPY public.char_is_class (id, char_id, class_id, created_at, updated_at) FROM stdin;
1	1	1	2024-04-04 17:07:24.750623+02	\N
2	2	1	2024-04-04 17:07:24.750623+02	\N
3	3	2	2024-04-04 17:07:24.750623+02	\N
\.


--
-- Data for Name: char_knows_skill; Type: TABLE DATA; Schema: public; Owner: rppaper
--

COPY public.char_knows_skill (id, char_id, skill_id, created_at, updated_at) FROM stdin;
1	1	1	2024-04-04 17:07:24.750623+02	\N
2	2	1	2024-04-04 17:07:24.750623+02	\N
3	3	2	2024-04-04 17:07:24.750623+02	\N
\.


--
-- Data for Name: char_masters_spell; Type: TABLE DATA; Schema: public; Owner: rppaper
--

COPY public.char_masters_spell (id, char_id, spell_id, created_at, updated_at) FROM stdin;
1	1	1	2024-04-04 17:07:24.750623+02	\N
2	2	1	2024-04-04 17:07:24.750623+02	\N
3	3	2	2024-04-04 17:07:24.750623+02	\N
\.


--
-- Data for Name: char_possesses_inventory; Type: TABLE DATA; Schema: public; Owner: rppaper
--

COPY public.char_possesses_inventory (id, char_id, inventory_id, is_equipped, created_at, updated_at) FROM stdin;
1	1	1	t	2024-04-04 17:07:24.750623+02	\N
2	2	2	t	2024-04-04 17:07:24.750623+02	\N
3	3	2	f	2024-04-04 17:07:24.750623+02	\N
\.


--
-- Data for Name: character; Type: TABLE DATA; Schema: public; Owner: rppaper
--

COPY public."character" (id, name, experience, level, health, user_id, created_at, updated_at, game_id) FROM stdin;
1	character1	100	1	100	1	2024-04-03 15:10:41.671+02	2024-04-03 15:10:41.671+02	1
2	character2	100	1	100	2	2024-04-03 15:15:39.918+02	2024-04-03 15:15:39.918+02	2
3	character3	100	1	100	3	2024-04-03 15:16:41.238+02	2024-04-03 15:16:41.238+02	1
\.


--
-- Data for Name: class; Type: TABLE DATA; Schema: public; Owner: rppaper
--

COPY public.class (id, name, note, created_at, updated_at) FROM stdin;
1	Guerrier	Maître du combat au corps à corps	2024-04-04 17:07:24.750623+02	\N
2	Mage	Utilise la magie pour lancer des sorts	2024-04-04 17:07:24.750623+02	\N
\.


--
-- Data for Name: game; Type: TABLE DATA; Schema: public; Owner: rppaper
--

COPY public.game (id, name, campaign, status_id, note_id, user_id, created_at, updated_at) FROM stdin;
1	Partie 1	Campagne 1	1	1	1	2024-04-04 17:07:24.750623+02	\N
2	Partie 2	Campagne 2	3	2	2	2024-04-04 17:07:24.750623+02	\N
\.


--
-- Data for Name: inventory; Type: TABLE DATA; Schema: public; Owner: rppaper
--

COPY public.inventory (id, name, note, created_at, updated_at) FROM stdin;
1	Épée en fer	Arme de base pour les guerriers	2024-04-04 17:07:24.750623+02	\N
2	Potion de soin	Restaure des points de vie	2024-04-04 17:07:24.750623+02	\N
\.


--
-- Data for Name: note; Type: TABLE DATA; Schema: public; Owner: rppaper
--

COPY public.note (id, value, created_at, updated_at) FROM stdin;
1	Note 1	2024-04-04 17:07:24.750623+02	\N
2	Note 2	2024-04-04 17:07:24.750623+02	\N
\.


--
-- Data for Name: skill; Type: TABLE DATA; Schema: public; Owner: rppaper
--

COPY public.skill (id, name, note, is_active, created_at, updated_at) FROM stdin;
1	Épée tranchante	Compétence de guerrier	t	2024-04-04 17:07:24.750623+02	\N
2	Boule de feu	Sort de base de mage	t	2024-04-04 17:07:24.750623+02	\N
\.


--
-- Data for Name: spell; Type: TABLE DATA; Schema: public; Owner: rppaper
--

COPY public.spell (id, name, note, created_at, updated_at) FROM stdin;
1	Bouclier	Sort de protection	2024-04-04 17:07:24.750623+02	\N
2	Guérison	Sort de soin	2024-04-04 17:07:24.750623+02	\N
\.


--
-- Data for Name: stat; Type: TABLE DATA; Schema: public; Owner: rppaper
--

COPY public.stat (id, name, created_at, updated_at) FROM stdin;
1	Force	2024-04-04 17:07:24.750623+02	\N
2	Agilité	2024-04-04 17:07:24.750623+02	\N
3	Intelligence	2024-04-04 17:07:24.750623+02	\N
\.


--
-- Data for Name: status; Type: TABLE DATA; Schema: public; Owner: rppaper
--

COPY public.status (id, name, created_at, updated_at) FROM stdin;
1	En cours	2024-04-04 17:07:24.750623+02	\N
2	Terminé	2024-04-04 17:07:24.750623+02	\N
3	En attente	2024-04-04 17:07:24.750623+02	\N
\.


--
-- Data for Name: user; Type: TABLE DATA; Schema: public; Owner: rppaper
--

COPY public."user" (id, pseudo, password, refresh_token, created_at, updated_at) FROM stdin;
1	user1	$2b$10$Btz1P5F51OMGfvuuL1wh7.kdwyEYXdzCSGpbLg1BAlx91GvwFGlXm	\N	2024-04-03 15:10:41.671+02	2024-04-03 15:10:41.671+02
2	user2	$2b$10$XBG4JD2apNQs1S97bXlL/.7jd95ylW6h4ZFnP1dAE10RaqsaSd8De	\N	2024-04-03 15:15:39.918+02	2024-04-03 15:15:39.918+02
3	user3	$2b$10$g8NKBH9OrxoUt.2jMJ.V3eyH7lN6EbVk7THcG3bAsUCtd.iKuqtnK	\N	2024-04-03 15:16:41.238+02	2024-04-03 15:16:41.238+02
4	test	$2b$10$W32wUL2zcOn.JRGYPm52LuCkQmklqChXSmjuAoMRUa9HVoGtwMuVa	\N	2024-04-04 17:09:29.127+02	2024-04-04 17:09:29.127+02
\.


--
-- Name: char_has_stat_id_seq; Type: SEQUENCE SET; Schema: public; Owner: rppaper
--

SELECT pg_catalog.setval('public.char_has_stat_id_seq', 9, true);


--
-- Name: char_is_class_id_seq; Type: SEQUENCE SET; Schema: public; Owner: rppaper
--

SELECT pg_catalog.setval('public.char_is_class_id_seq', 3, true);


--
-- Name: char_knows_skill_id_seq; Type: SEQUENCE SET; Schema: public; Owner: rppaper
--

SELECT pg_catalog.setval('public.char_knows_skill_id_seq', 3, true);


--
-- Name: char_masters_spell_id_seq; Type: SEQUENCE SET; Schema: public; Owner: rppaper
--

SELECT pg_catalog.setval('public.char_masters_spell_id_seq', 3, true);


--
-- Name: char_possesses_inventory_id_seq; Type: SEQUENCE SET; Schema: public; Owner: rppaper
--

SELECT pg_catalog.setval('public.char_possesses_inventory_id_seq', 3, true);


--
-- Name: character_id_seq; Type: SEQUENCE SET; Schema: public; Owner: rppaper
--

SELECT pg_catalog.setval('public.character_id_seq', 1, false);


--
-- Name: class_id_seq; Type: SEQUENCE SET; Schema: public; Owner: rppaper
--

SELECT pg_catalog.setval('public.class_id_seq', 1, false);


--
-- Name: game_id_seq; Type: SEQUENCE SET; Schema: public; Owner: rppaper
--

SELECT pg_catalog.setval('public.game_id_seq', 1, false);


--
-- Name: inventory_id_seq; Type: SEQUENCE SET; Schema: public; Owner: rppaper
--

SELECT pg_catalog.setval('public.inventory_id_seq', 1, false);


--
-- Name: note_id_seq; Type: SEQUENCE SET; Schema: public; Owner: rppaper
--

SELECT pg_catalog.setval('public.note_id_seq', 1, false);


--
-- Name: skill_id_seq; Type: SEQUENCE SET; Schema: public; Owner: rppaper
--

SELECT pg_catalog.setval('public.skill_id_seq', 1, false);


--
-- Name: spell_id_seq; Type: SEQUENCE SET; Schema: public; Owner: rppaper
--

SELECT pg_catalog.setval('public.spell_id_seq', 1, false);


--
-- Name: stat_id_seq; Type: SEQUENCE SET; Schema: public; Owner: rppaper
--

SELECT pg_catalog.setval('public.stat_id_seq', 1, false);


--
-- Name: status_id_seq; Type: SEQUENCE SET; Schema: public; Owner: rppaper
--

SELECT pg_catalog.setval('public.status_id_seq', 1, false);


--
-- Name: user_id_seq; Type: SEQUENCE SET; Schema: public; Owner: rppaper
--

SELECT pg_catalog.setval('public.user_id_seq', 4, true);


--
-- Name: char_has_stat char_has_stat_pkey; Type: CONSTRAINT; Schema: public; Owner: rppaper
--

ALTER TABLE ONLY public.char_has_stat
    ADD CONSTRAINT char_has_stat_pkey PRIMARY KEY (id);


--
-- Name: char_is_class char_is_class_pkey; Type: CONSTRAINT; Schema: public; Owner: rppaper
--

ALTER TABLE ONLY public.char_is_class
    ADD CONSTRAINT char_is_class_pkey PRIMARY KEY (id);


--
-- Name: char_knows_skill char_knows_skill_pkey; Type: CONSTRAINT; Schema: public; Owner: rppaper
--

ALTER TABLE ONLY public.char_knows_skill
    ADD CONSTRAINT char_knows_skill_pkey PRIMARY KEY (id);


--
-- Name: char_masters_spell char_masters_spell_pkey; Type: CONSTRAINT; Schema: public; Owner: rppaper
--

ALTER TABLE ONLY public.char_masters_spell
    ADD CONSTRAINT char_masters_spell_pkey PRIMARY KEY (id);


--
-- Name: char_possesses_inventory char_possesses_inventory_pkey; Type: CONSTRAINT; Schema: public; Owner: rppaper
--

ALTER TABLE ONLY public.char_possesses_inventory
    ADD CONSTRAINT char_possesses_inventory_pkey PRIMARY KEY (id);


--
-- Name: character character_pkey; Type: CONSTRAINT; Schema: public; Owner: rppaper
--

ALTER TABLE ONLY public."character"
    ADD CONSTRAINT character_pkey PRIMARY KEY (id);


--
-- Name: class class_pkey; Type: CONSTRAINT; Schema: public; Owner: rppaper
--

ALTER TABLE ONLY public.class
    ADD CONSTRAINT class_pkey PRIMARY KEY (id);


--
-- Name: game game_pkey; Type: CONSTRAINT; Schema: public; Owner: rppaper
--

ALTER TABLE ONLY public.game
    ADD CONSTRAINT game_pkey PRIMARY KEY (id);


--
-- Name: inventory inventory_pkey; Type: CONSTRAINT; Schema: public; Owner: rppaper
--

ALTER TABLE ONLY public.inventory
    ADD CONSTRAINT inventory_pkey PRIMARY KEY (id);


--
-- Name: note note_pkey; Type: CONSTRAINT; Schema: public; Owner: rppaper
--

ALTER TABLE ONLY public.note
    ADD CONSTRAINT note_pkey PRIMARY KEY (id);


--
-- Name: skill skill_pkey; Type: CONSTRAINT; Schema: public; Owner: rppaper
--

ALTER TABLE ONLY public.skill
    ADD CONSTRAINT skill_pkey PRIMARY KEY (id);


--
-- Name: spell spell_pkey; Type: CONSTRAINT; Schema: public; Owner: rppaper
--

ALTER TABLE ONLY public.spell
    ADD CONSTRAINT spell_pkey PRIMARY KEY (id);


--
-- Name: stat stat_pkey; Type: CONSTRAINT; Schema: public; Owner: rppaper
--

ALTER TABLE ONLY public.stat
    ADD CONSTRAINT stat_pkey PRIMARY KEY (id);


--
-- Name: status status_pkey; Type: CONSTRAINT; Schema: public; Owner: rppaper
--

ALTER TABLE ONLY public.status
    ADD CONSTRAINT status_pkey PRIMARY KEY (id);


--
-- Name: user user_pkey; Type: CONSTRAINT; Schema: public; Owner: rppaper
--

ALTER TABLE ONLY public."user"
    ADD CONSTRAINT user_pkey PRIMARY KEY (id);


--
-- Name: char_has_stat char_has_stat_char_id_fkey; Type: FK CONSTRAINT; Schema: public; Owner: rppaper
--

ALTER TABLE ONLY public.char_has_stat
    ADD CONSTRAINT char_has_stat_char_id_fkey FOREIGN KEY (char_id) REFERENCES public."character"(id);


--
-- Name: char_has_stat char_has_stat_stat_id_fkey; Type: FK CONSTRAINT; Schema: public; Owner: rppaper
--

ALTER TABLE ONLY public.char_has_stat
    ADD CONSTRAINT char_has_stat_stat_id_fkey FOREIGN KEY (stat_id) REFERENCES public.stat(id);


--
-- Name: char_is_class char_is_class_char_id_fkey; Type: FK CONSTRAINT; Schema: public; Owner: rppaper
--

ALTER TABLE ONLY public.char_is_class
    ADD CONSTRAINT char_is_class_char_id_fkey FOREIGN KEY (char_id) REFERENCES public."character"(id);


--
-- Name: char_is_class char_is_class_class_id_fkey; Type: FK CONSTRAINT; Schema: public; Owner: rppaper
--

ALTER TABLE ONLY public.char_is_class
    ADD CONSTRAINT char_is_class_class_id_fkey FOREIGN KEY (class_id) REFERENCES public.class(id);


--
-- Name: char_knows_skill char_knows_skill_char_id_fkey; Type: FK CONSTRAINT; Schema: public; Owner: rppaper
--

ALTER TABLE ONLY public.char_knows_skill
    ADD CONSTRAINT char_knows_skill_char_id_fkey FOREIGN KEY (char_id) REFERENCES public."character"(id);


--
-- Name: char_knows_skill char_knows_skill_skill_id_fkey; Type: FK CONSTRAINT; Schema: public; Owner: rppaper
--

ALTER TABLE ONLY public.char_knows_skill
    ADD CONSTRAINT char_knows_skill_skill_id_fkey FOREIGN KEY (skill_id) REFERENCES public.skill(id);


--
-- Name: char_masters_spell char_masters_spell_char_id_fkey; Type: FK CONSTRAINT; Schema: public; Owner: rppaper
--

ALTER TABLE ONLY public.char_masters_spell
    ADD CONSTRAINT char_masters_spell_char_id_fkey FOREIGN KEY (char_id) REFERENCES public."character"(id);


--
-- Name: char_masters_spell char_masters_spell_spell_id_fkey; Type: FK CONSTRAINT; Schema: public; Owner: rppaper
--

ALTER TABLE ONLY public.char_masters_spell
    ADD CONSTRAINT char_masters_spell_spell_id_fkey FOREIGN KEY (spell_id) REFERENCES public.spell(id);


--
-- Name: char_possesses_inventory char_possesses_inventory_char_id_fkey; Type: FK CONSTRAINT; Schema: public; Owner: rppaper
--

ALTER TABLE ONLY public.char_possesses_inventory
    ADD CONSTRAINT char_possesses_inventory_char_id_fkey FOREIGN KEY (char_id) REFERENCES public."character"(id);


--
-- Name: char_possesses_inventory char_possesses_inventory_inventory_id_fkey; Type: FK CONSTRAINT; Schema: public; Owner: rppaper
--

ALTER TABLE ONLY public.char_possesses_inventory
    ADD CONSTRAINT char_possesses_inventory_inventory_id_fkey FOREIGN KEY (inventory_id) REFERENCES public.inventory(id);


--
-- Name: character character_game_id_fkey; Type: FK CONSTRAINT; Schema: public; Owner: rppaper
--

ALTER TABLE ONLY public."character"
    ADD CONSTRAINT character_game_id_fkey FOREIGN KEY (game_id) REFERENCES public.game(id);


--
-- Name: character character_user_id_fkey; Type: FK CONSTRAINT; Schema: public; Owner: rppaper
--

ALTER TABLE ONLY public."character"
    ADD CONSTRAINT character_user_id_fkey FOREIGN KEY (user_id) REFERENCES public."user"(id);


--
-- Name: game game_note_id_fkey; Type: FK CONSTRAINT; Schema: public; Owner: rppaper
--

ALTER TABLE ONLY public.game
    ADD CONSTRAINT game_note_id_fkey FOREIGN KEY (note_id) REFERENCES public.note(id);


--
-- Name: game game_status_id_fkey; Type: FK CONSTRAINT; Schema: public; Owner: rppaper
--

ALTER TABLE ONLY public.game
    ADD CONSTRAINT game_status_id_fkey FOREIGN KEY (status_id) REFERENCES public.status(id);


--
-- Name: game game_user_id_fkey; Type: FK CONSTRAINT; Schema: public; Owner: rppaper
--

ALTER TABLE ONLY public.game
    ADD CONSTRAINT game_user_id_fkey FOREIGN KEY (user_id) REFERENCES public."user"(id);


--
-- PostgreSQL database dump complete
--

